username,fullname,password
sarah61,Stephen Liu,%%]uGAB08R?L/\e
joycejackson,Amanda Brown,"%:Epm[UqOY""8Kf1"
nicolemiller,Jessica Perez,KVMQUf0FoQ<Y#d2
robertsonbrandi,Jeremy Young,_Ira5\ZQ`;m>qRM
vgilbert,Michelle Taylor,"/q7j/""W@3'@.[+n"
xcobb,Gabriel Brooks,K*u9EQ#g(&ep@sF
hoodtiffany,Sabrina Hunter,;1\(M$p)\L4#e9s
johnpatterson,Megan Valdez,A./B'wDlJ\O!025
jillhouse,Angela Olson,<#Skz1I8;#LYVoN
mreyes,Marie Torres,"BDqH,[s#Eakr*5Q"
brian67,Amy Campbell,yph}h9Do#+F]Y`G
dennis32,Molly Davis,Hk\fOxuXY(M+Sb$
ugray,Joshua Pierce,"UEhW,A\.oG*W^},"
lkelley,Jennifer Brown,[_jp|!bq#\hTzgR
juliejohnson,Jenna Martin,MKk'btB#6i!}G0a
michellecook,Shawn Thomas,VrRV{Qj.tZUlHTW
kevin53,Jonathan Morales,;1EEkUYN.xr40v[
smithsamuel,Christina Brooks,@MD8#o^FtJSg_@9
victorialopez,Heidi Wright,aul8IR56;5~XuPm
castrotaylor,Emily Roberts,"@F>&!mJ.mbbz'""?"
bsmith,Robert Kaufman,ypz68Rr1*MY/4C;
jacob64,Sharon Bennett,sc5lx;5[XUfT|I<
derrickhill,Brandon Poole,4T<eo=35D(?N)VG
amylane,Richard Stone,wcXW#-U;qs:2Bx|
luis67,Alexander Cole,tuR(v]wE43'UxuN
smithcarrie,Jeremy Fields,cw`7.Of?Rcl9>$P
kimgregory,Donald Luna,Mk1;s|.x7_Kby=7
yvette28,William Smith,"X,,*2f{cj9M;$i6"
ngutierrez,Karen Floyd,DYJG>ClYJ2OSe.d
jennifer78,Judy Hardin,"$y?_gvQ9(z#6{,^"
duarteerin,Shawn Franco,";i0Z^rG4T)+u""sv"
kimberlyphillips,Katherine Lawson,"IH)^E/R8iKO""Dpy"
bethanythomas,Bryan Freeman,"5V,4g9_\C'h_Ymp"
nicolegillespie,Anthony Hicks,TB90n*TFAW.6*K$
qlevy,Rebecca Reeves,<#>F.TP;]7P1qys
dhoward,Donna Soto,"JASBpNd,@|6!GmV"
brodriguez,Meghan Young,S.o+Ig]oKsR1/<\
angela39,Joseph Hawkins,LU(5/dR<OF\z+j'
jackson02,Linda Moore,;)$\2]zFezlu3Z}
hectorhudson,Kathryn Dixon,qr&i*.M6=m6L[#2
nmayer,Matthew Meadows,"_M*P?ci@,$rPX=S"
tcook,Mark Wong,LgS&S:rXP5Dc$iP
danielhunt,Rebecca Turner,"i-cm""gMzoc@ofyy"
barnettmeghan,Christy White,"""qNg[F{8D:S_?!x"
sancheznicole,Brian Moore,A/U@0ga`Qu.ID-9
xmaldonado,Michael Ballard,"Scbcp6A8x|d7g+,"
robinlarsen,Carrie Evans,"*`i4&0T\""AW~Q\q"
tsteele,Jose Brock,5\JHu34K]{*yLTD
crawfordmichael,James Klein,a=ETpz[/$QpiC3L
karen29,Denise Ellis DDS,eT;)o;yB0R^qDIX
erika25,Laura Ortiz,'x!RT&7C-D`5='9
weaverjill,Christopher Ramirez,P9|WxAglXB'2R=Y
megan44,Christopher Mason,QFz{w=y}:BLH{#u
cerickson,Kelly Cooper,":o;#$<zeD""qJyk/"
kirbyashley,Carla Richmond,90C`iyB3ET@bb~i
wandawhite,Donald Jimenez,8ANIfh}HZytR48Y
ashleyfuentes,David Clark,OJSo/&F[;_f.U!v
uwagner,Cole Davis,"nQinX||gp(*+[""("
sabrina26,Heather Carter,+`/C0Csn|sRY~f_
stacy55,Duane Wright,jrmtzGHU8E+_@+0
andrewsmichael,Cindy Rice,I^*OjIlVG-+9brJ
laurafleming,Judy Chan,""")b-keKv-+7Z4'p"
gregoryedwards,Jennifer Frederick,BRP\#$tb(MN}EAH
camerongibson,Mrs. Lisa Gates,"!\zYl9/>b>4Hd+"""
smithbrandon,Erica Johnson,"px$""F{C-Jxiogwq"
jessica63,Kelsey Chavez,"VO3_A8S[Ub,ir%"""
andersonlucas,Ana Griffith,U-U-0VT?sKI4phL
sherry25,Barbara Stanton,OGfIuRVg3}Xi0q?
colliermelanie,Caitlin Jackson,7f.kru2(e96~epO
ryanpeterson,Wesley Parker,"N,\fq3o&da4Fm5N"
victoria41,Michael Haas,J'?4U?XYz@WZrC]
jamesvaughan,Debra Williams,ho$f4PY0%$L\*Wu
ashley62,Ashley Brady,o:(V^h3QVrY^eJ<
salinasashley,Kimberly Bradley,r>40eUcvS|D[YVu
stephaniedavis,Candace Young,F.O<(w>d@3.F)IX
priscilladavis,Ivan Peck,"""6*ka+xw?,PA/U!"
lreyes,Bryan Lopez,rp3]|#v#vJroo]y
lroth,Theodore Anderson,",1?G&lSkZ')35it"
tsmith,Kayla Davis,908dDWOOkTN)|#.
jessicalopez,Vincent Evans,7B\1=GI]ts1Ra@5
dianareese,William Proctor,dRU\{{\o;N\i;9b
xcoleman,Mrs. Kelly May,n*\g8X(GE%r>}P!
olivia44,Mr. John Holmes,1?KG[QuTYnA]IT)
hwoods,Luis Garcia,"`:aHUE'j=tw(F,r"
john23,William Munoz,$7}X%kYm4H3c'a{
chad88,Sonia Wood,vyfGCU]ezE|*xOz
hayneskaitlyn,Veronica Thomas,Kof(wz*0@kR;cyn
xlee,Andrew Walters,"KA,YW%Ya3*Q:MsZ"
carmstrong,Michelle Gay,0|=JTIEHnP5(.jL
laurenzamora,Sharon Brown,Hiu>PJoSAn9UMJ1
randycox,Christopher Sparks,{LgFJCH}T:n}%wn
jessicamoore,Tyler Kline,H&h<blj4RZ.wTS7
millerrichard,Kimberly Patel,B#kuVP;i`P#L{}S
gwebster,Christopher Franco,"N)+}>'Gpb3g""eHj"
joshuarose,Lonnie Barnes,"O,F[<u4N2SiSp|W"
jerryray,Michael Cabrera,_@zwh)JSfhq&AB6
brooksbrenda,Stuart Woodward,0|a(l|O/sw\;y12
elizabeth46,Patricia Powell,<3RQ~k%xM.CC04l
kingtammy,Ryan Jimenez,"_i}Mm[E0-`:T$G"""
lancelewis,James Mora,l?oZ_@hFhe$NTHp
